First Name,Last Name,E-mail Address,Company,Job Title,City,State,Location
FName1,LName1,LName1@gmail.com,Company1,Senior Resource Forester,Charleston,WV,"Charleston, WV"
FName2,LName2,LName2@gmail.com,Company2,Deputy Program Manager,Tampa,FL,"Tampa, FL"
FName3,LName3,LName3@gmail.com,Company3,"Assistant Director, Clinical Analytics",Baltimore,MD,"Baltimore, MD"
FName4,LName4,LName4@gmail.com,Company4,Chief Technology Officer,Redmond,WA,"Redmond, WA"
FName5,LName5,LName5@gmail.com,Company5,"Executive Vice President, Sales and Marketing",Bozeman,MO,"St. Louis, MO"
FName6,LName6,LName6@gmail.com,Company6,"Executive Coach, Organizational Consultant",Reston,VA,"Reston, VA"
FName7,LName7,LName7@gmail.com,Company7,Management Analyst,Washington,DC,"Washington, DC"
FName8,LName8,LName8@gmail.com,Company8,"Adjunct Professor, Integrated Marketing Communications",Morgantown,WV,"Morgantown, WV"
FName9,LName9,LName9@gmail.com,Company9,"Vice President, WW Public Sector Services",Redmond,WA,"Redmond, WA"
FName10,LName10,LName10@gmail.com,Company10,President & Chief Technology Architect,Tampa ,FL,"Tampa , FL"
FName11,LName11,LName11@gmail.com,Company11,Member of the Board,Columbus,OH,"Columbus, OH"
FName12,LName12,LName12@gmail.com,Company12,"Marketing Manager, Experienced Recruiting",San Diego,CA,"San Diego, CA"
FName13,LName13,LName13@gmail.com,Company13,IT Specialist,Washington,DC,"Washington, DC"
FName14,LName14,LName14@gmail.com,Company14,Communications and Marketing Services Manager,New York,NY,"New York, NY"
FName15,LName15,LName15@gmail.com,Company15,Director of Operations - Western Region,Danbury,CT,"Danbury, CT"
FName16,LName16,LName16@gmail.com,Company16,"Business Development, Ecommerce, Operations & Strategy",New York,NY,"New York, NY"
FName17,LName17,LName17@gmail.com,Company17,"Director, Projects and Development",St. Louis,MO,"St. Louis, MO"
FName18,LName18,LName18@gmail.com,Company18,General Manager,Columbus,OH,"Columbus, OH"
FName19,LName19,LName19@gmail.com,Company19,Marketing Manager,Annapolis,MD,"Annapolis, MD"
FName20,LName20,LName20@gmail.com,Company20,Network Administrator,Austin,TX,"Austin, TX"
FName21,LName21,LName21@gmail.com,Company21,GM/VP Cloud and Enterprise Developer Platform Marketing and Worldwide Sales,Redmond,WA,"Redmond, WA"
FName22,LName22,LName22@gmail.com,Company22,Information Technology,Washington,DC,"Washington, DC"
FName23,LName23,LName23@gmail.com,Company23,US Sales and Operations Director- Government and Healthcare Hardware,Redmond,WA,"Redmond, WA"
FName24,LName24,LName24@gmail.com,Company24,Southeast Regional Sales Manager,Columbia,SC,"Columbia, SC"
FName25,LName25,LName25@gmail.com,Company25,,Carlsbad,CA,"Carlsbad, CA"
FName26,LName26,LName26@gmail.com,Company26,"Senior Director, Acquisition Programs, Policy and Strategy",Redmond,WA,"Redmond, WA"
FName27,LName27,LName27@gmail.com,Company27,Director US Partner Government Cloud Sales,Redmond,WA,"Redmond, WA"
FName28,LName28,LName28@gmail.com,Company28,,Titusville,FL,"Titusville, FL"
FName29,LName29,LName29@gmail.com,Company29,Vice President for Communication,Scottsdale,AZ,"Scottsdale, AZ"
FName30,LName30,LName30@gmail.com,Company30,Marketing Manager,Silver Spring,MD,"Silver Spring, MD"
FName31,LName31,LName31@gmail.com,Company31,Advisory Board Member,Washington,DC,"Washington, DC"
FName32,LName32,LName32@gmail.com,Company32,National Government Chief Architect,Harrisburg,PA,"Harrisburg, PA"
FName33,LName33,LName33@gmail.com,Company33,Senior Director IT,New York,NY,"New York, NY"
FName34,LName34,LName34@gmail.com,Company34,Senior Management,Washington,DC,"Washington, DC"
FName35,LName35,LName35@gmail.com,Company35,Managing Director | Financial Life Adviser,Washington,DC,"Washington, DC"
FName36,LName36,LName36@gmail.com,Company36,"Mindy Berg Barnhart, PMP, Independent Proposal Consultant",St. Louis,MO,"St Louis, MO"
FName37,LName37,LName37@gmail.com,Company37,"Senior Project Manager, NSF Rolocation Office",Pittsburgh,PA,"Pittsburgh, PA"
FName38,LName38,LName38@gmail.com,Company38,Business Development Executive,Baltimore,MD,"Baltimore, MD"
FName39,LName39,LName39@gmail.com,Company39,Lead Photographer,Washington,DC,"Washington, DC"
FName40,LName40,LName40@gmail.com,Company40,Section Chief,Baltimore,MD,"Baltimore, MD"
FName41,LName41,LName41@gmail.com,Company41,CEO,Dallas,TX,"Dallas, TX"
FName42,LName42,LName42@gmail.com,Company42,Security Analyst,Washington,DC,"Washington, DC"
FName43,LName43,LName43@gmail.com,Company43,Brand Marketing Specialist,Ogden,UT,"Ogden, UT"
FName44,LName44,LName44@gmail.com,Company44,"Chief of Staff, Technology",Richmond,VA,"Richmond, VA"
FName45,LName45,LName45@gmail.com,Company45,Administrative Systems Officer,Washington,DC,"Washington, DC"
FName46,LName46,LName46@gmail.com,Company46,CEO & Founder,Richmond,VA,"Richmond, VA"
FName47,LName47,LName47@gmail.com,Company47,,Carlsbad,CA,"Carlsbad, CA"
FName48,LName48,LName48@gmail.com,Company48,Principal Program Manager,Redmond,WA,"Redmond, WA"
FName49,LName49,LName49@gmail.com,Company49,Marketing Coordinator,Ogden,UT,"Ogden, UT"
FName50,LName50,LName50@gmail.com,Company50,"Director, Cloud Platform, East Region",Ocean City,MD,"Ocean City, MD"
